ID,First Name,Last Name,Email
9012,Rachel,Booker,brachel9012@gmail.com
2070,Laura,Grey,glaura2070@gmail.com
4081,Craig,Johnson,jcraig4081@gmail.com
9346,Mary,Jenkins,jmary9346@gmail.com
5079,Jamie,Smith,sjamie5079@gmail.com
